Model,squad,NewsQA,NaturalQuestions,SearchQA,TriviaQA,bioasq,duorc,TextbookQA
BERT-base,64.81333333333335,51.75333333333332,44.19,23.856666666666666,46.47,33.26666666666666,39.86333333333334,29.63
RoBERTa-base,70.76666666666667,57.22000000000001,48.12666666666667,32.086666666666666,54.24333333333333,36.656666666666666,49.16666666666666,34.376666666666665
BART-base,61.84666666666667,49.24666666666667,40.96333333333333,31.546666666666667,55.89666666666667,35.46,45.26,33.06666666666667
BART-base-tokenizer,64.77999999999999,49.69333333333333,42.32,30.603333333333335,55.95666666666667,37.27666666666667,45.72666666666667,34.70666666666667
T5v1.1-base,71.23666666666666,52.12666666666666,46.446666666666665,35.07999999999999,55.18666666666667,40.36,32.623333333333335,30.47
T5v1.1-base-tokenizer,71.56666666666666,51.14000000000001,45.81333333333333,34.96666666666667,54.51333333333333,41.00000000000001,30.313333333333333,31.156666666666666
