Model,squad,NewsQA,NaturalQuestions,SearchQA,TriviaQA,bioasq,duorc,TextbookQA
BERT-base,47.839999999999996,30.396666666666665,41.12,52.56666666666666,69.92333333333333,38.10666666666666,34.16,27.353333333333335
RoBERTa-base,63.20333333333334,39.056666666666665,49.46,57.31666666666666,75.96,50.36666666666667,48.96,39.446666666666665
BART-base,54.60666666666666,35.48,44.60666666666666,62.75,75.54,35.666666666666664,40.97,37.21
BART-base-tokenizer,58.663333333333334,39.92,47.303333333333335,63.54666666666666,76.62333333333333,40.443333333333335,45.57333333333333,39.26666666666667
T5v1.1-base,62.696666666666665,38.736666666666665,50.51,59.87,72.08,46.10333333333333,34.593333333333334,35.830000000000005
T5v1.1-base-tokenizer,46.93333333333334,33.67333333333334,49.050000000000004,61.60666666666666,71.44666666666667,47.02333333333333,25.55333333333333,27.12
