Model,squad,NewsQA,NaturalQuestions,SearchQA,TriviaQA,bioasq,duorc,TextbookQA
BERT-base,79.68999999999998,36.92666666666668,42.446666666666665,21.570000000000004,47.20666666666667,41.11000000000001,42.17333333333333,29.00666666666666
RoBERTa-base,84.82666666666665,38.643333333333324,45.71666666666667,16.69333333333334,55.93666666666666,49.690000000000005,48.410000000000004,36.239999999999995
BART-base,79.18,37.36000000000001,33.57333333333333,16.493333333333332,52.23666666666666,42.089999999999996,43.79333333333333,29.826666666666664
BART-base-tokenizer,80.43666666666667,38.413333333333334,33.93666666666667,19.286666666666665,53.99,46.60999999999999,44.23666666666667,32.04666666666667
T5v1.1-base,85.00666666666666,42.6,48.31999999999999,25.900000000000002,55.80333333333332,51.21666666666666,34.75333333333333,31.870000000000005
T5v1.1-base-tokenizer,85.00333333333333,42.41,47.70666666666667,25.99333333333333,55.62,51.376666666666665,34.93,31.226666666666663
