Model,squad,NewsQA,NaturalQuestions,SearchQA,TriviaQA,bioasq,duorc,TextbookQA
T5v1.1-base,16.335,8.725,16.335,8.725,16.3675,12.035,19.3575,13.77,16.3375,13.7,7.74,9.7375,16.3675,12.035,19.3575,13.77,16.3375,13.7,7.74,9.7375
T5v1.1-base-tokenizer,21.75333333333333,15.24,75.64333333333333,47.403333333333336,63.573333333333345,11.383333333333333,7.616666666666667,12.893333333333333
