Model,squad,NewsQA,NaturalQuestions,SearchQA,TriviaQA,bioasq,duorc,TextbookQA
BERT-base,87.49333333333333,52.80333333333332,57.03666666666666,30.349999999999998,56.82,54.50999999999999,50.23666666666666,39.800000000000004
RoBERTa-base,91.65666666666668,54.076666666666654,60.370000000000005,23.35,64.98666666666666,62.46666666666667,58.25,45.89666666666666
BART-base,87.51333333333334,53.46333333333333,48.66,23.353333333333335,60.14666666666667,54.416666666666664,53.196666666666665,41.04333333333333
BART-base-tokenizer,88.50333333333333,54.99,50.160000000000004,25.683333333333334,61.23,58.46,52.79999999999999,43.14333333333334
T5v1.1-base,91.58666666666666,58.76,62.27,32.879999999999995,63.449999999999996,61.49333333333334,42.22,39.78333333333333
T5v1.1-base-tokenizer,91.67999999999999,58.32666666666666,61.663333333333334,32.28,63.03666666666667,62.00333333333334,42.056666666666665,39.38333333333333
