Model,squad,NewsQA,NaturalQuestions,SearchQA,TriviaQA,bioasq,duorc,TextbookQA
T5v1.1-base,13.3275,6.73,13.3275,6.73,12.77,8.025,16.375,11.4225,14.265,9.175,5.6125,7.3175,12.77,8.025,16.375,11.4225,14.265,9.175,5.6125,7.3175
T5v1.1-base-tokenizer,18.62666666666667,10.746666666666668,64.05,39.01666666666666,55.76,7.823333333333333,5.973333333333334,10.246666666666668
