Model,squad,NewsQA,NaturalQuestions,SearchQA,TriviaQA,bioasq,duorc,TextbookQA
BERT-base,37.56333333333333,20.583333333333332,28.97666666666667,44.13333333333333,64.66000000000001,28.276666666666667,27.203333333333333,22.400000000000002
RoBERTa-base,51.81666666666666,27.09,35.38666666666666,48.93666666666667,71.08333333333333,38.38666666666666,39.39666666666667,32.69
BART-base,43.49,22.936666666666667,30.843333333333334,54.03666666666667,70.74333333333333,26.24,32.199999999999996,30.653333333333332
BART-base-tokenizer,47.81666666666666,26.896666666666665,33.25,55.45666666666667,72.24333333333334,30.363333333333333,35.77666666666667,32.626666666666665
T5v1.1-base,50.76666666666666,25.576666666666668,34.86666666666667,51.660000000000004,67.64333333333333,34.28666666666667,26.540000000000003,29.253333333333334
T5v1.1-base-tokenizer,40.00666666666667,23.28333333333333,35.60333333333333,54.88333333333333,67.71,38.163333333333334,20.276666666666667,23.24
