Model,squad,NewsQA,NaturalQuestions,SearchQA,TriviaQA,bioasq,duorc,TextbookQA
BERT-base,78.62,66.34333333333333,59.889999999999986,33.12,57.80333333333332,51.14000000000001,52.30666666666667,41.373333333333335
RoBERTa-base,83.82666666666667,72.26333333333334,63.346666666666664,42.489999999999995,64.95333333333332,56.089999999999996,61.250000000000014,47.94333333333333
BART-base,75.78,65.0,55.526666666666664,38.43,63.803333333333335,50.74666666666667,56.53333333333334,43.43666666666667
BART-base-tokenizer,77.67,65.58,56.46666666666667,37.306666666666665,63.53333333333334,52.26666666666667,57.07333333333333,45.43333333333334
T5v1.1-base,83.66333333333333,66.27999999999999,61.696666666666665,43.31666666666667,63.50333333333333,57.18,42.60666666666666,40.95333333333333
T5v1.1-base-tokenizer,83.37666666666668,65.06666666666666,59.839999999999996,41.946666666666665,62.32,57.04333333333333,38.443333333333335,40.24
